Model,MAE,R2
Linear Regression,1.5988607360688498,0.9061971642841892
Random Forest,0.10154464135821727,0.9984136644503003
